cgpa,active_backlogs,skills_count,projects_count,certifications_count,internships_count,has_resume,applications_count,placed
7.7,0,6,3,0,2,1,3,1
6.36,0,4,1,2,1,1,4,1
8.15,0,9,1,0,1,1,3,0
8.34,0,5,4,0,1,1,1,1
5.45,1,7,3,2,0,1,0,0
6.1,0,4,0,1,2,1,3,0
7.53,0,5,1,1,2,1,1,1
7.08,0,6,0,3,1,1,2,0
7.38,0,6,2,3,0,1,3,1
6.55,0,3,5,1,0,1,2,0
8.28,0,7,5,0,0,0,9,0
8.18,0,4,2,0,0,0,0,0
7.47,2,3,3,1,1,1,5,1
8.53,2,4,1,1,1,1,4,0
7.87,0,10,1,0,2,1,4,1
6.54,0,4,3,1,0,1,4,0
7.77,0,5,1,2,0,1,3,0
6.44,0,4,2,2,0,1,4,1
8.28,0,6,4,0,3,1,3,1
7.35,1,2,2,1,1,0,6,0
7.22,1,6,3,2,0,1,3,0
6.72,1,3,8,1,1,1,5,0
8.62,0,9,1,0,1,0,7,1
7.25,4,3,3,1,0,1,6,0
6.97,0,4,1,0,0,1,3,0
7.05,0,6,2,0,0,0,2,0
7.93,0,7,0,0,0,1,4,0
7.77,2,4,2,1,1,1,5,0
7.81,0,7,1,1,0,1,4,0
7.83,1,9,2,1,1,0,6,1
9.54,0,2,2,3,1,1,5,1
6.99,3,6,1,2,0,1,5,0
6.89,0,9,1,1,2,0,6,0
6.59,0,10,0,1,0,1,3,0
8.02,3,5,2,2,1,1,3,0
8.53,0,6,0,3,0,1,2,1
7.29,0,7,5,2,1,1,5,1
6.56,0,6,2,3,0,1,4,1
6.58,0,8,1,3,0,0,3,0
8.05,0,4,0,1,0,0,3,0
8.14,0,7,1,2,1,1,4,1
7.94,0,4,3,2,1,1,6,1
6.73,1,4,2,3,1,0,3,0
7.63,0,5,3,0,0,1,0,1
7.52,0,5,2,1,1,0,4,1
7.62,0,5,0,0,1,1,3,1
8.27,0,5,1,0,0,1,8,1
7.62,0,5,1,2,0,1,4,0
8.08,2,2,2,3,0,1,3,0
7.47,2,8,6,1,1,0,1,0
7.69,0,3,0,1,0,1,6,0
8.03,0,8,3,1,0,1,5,1
5.94,0,5,3,1,3,1,5,1
7.08,0,3,0,2,2,0,7,0
6.93,0,7,2,2,0,1,3,0
6.76,0,10,2,1,2,1,4,1
7.12,0,3,1,0,0,0,5,0
8.89,0,3,2,2,2,0,6,1
6.53,0,3,3,2,0,0,5,0
8.37,0,7,1,2,0,1,3,0
5.72,0,8,0,4,3,1,2,0
7.07,0,7,3,1,0,1,1,0
7.56,1,5,2,0,1,1,3,0
7.99,0,3,2,3,0,1,1,0
8.11,0,8,1,5,0,0,5,1
8.19,0,4,2,1,2,1,4,1
7.05,1,5,0,0,0,0,4,0
6.94,0,2,0,1,2,0,8,0
8.26,1,2,1,1,2,1,3,0
7.21,2,3,0,5,0,1,3,0
6.12,0,3,1,0,0,1,5,0
6.27,0,2,1,1,0,1,1,0
6.48,0,3,3,0,0,1,4,0
7.9,2,6,2,1,0,1,4,0
7.54,0,6,2,1,0,1,7,1
8.09,2,6,2,1,1,1,4,1
6.97,0,4,2,1,0,1,5,1
7.56,0,4,0,2,1,0,5,0
8.03,0,2,5,0,0,1,3,0
7.09,0,7,1,0,0,0,3,1
7.86,0,5,3,5,0,1,6,1
6.74,0,2,2,0,0,1,2,0
7.04,1,4,2,1,1,1,1,0
7.02,1,7,1,1,0,1,2,0
6.2,0,2,3,1,1,1,4,0
7.89,0,6,1,1,1,0,1,0
6.93,0,4,1,2,0,1,3,0
7.41,1,8,2,0,2,1,4,1
7.88,0,5,0,0,2,1,7,1
7.85,2,3,2,0,0,0,7,0
8.07,0,8,1,0,2,1,4,1
7.3,0,6,0,0,0,1,3,0
6.98,0,3,3,5,1,0,3,0
7.32,0,8,1,4,0,1,4,1
5.71,1,5,0,0,1,1,1,0
5.95,0,4,1,0,1,0,8,0
6.08,0,3,1,1,3,1,6,1
6.4,3,4,1,0,3,1,5,0
7.8,3,8,1,0,0,1,3,0
6.49,1,6,2,2,1,1,4,0
7.02,0,4,1,1,0,1,8,0
8.7,0,5,2,1,0,1,6,1
7.04,2,5,1,1,0,1,3,0
8.14,0,9,0,1,2,1,4,1
6.47,0,5,2,3,1,1,4,1
7.19,1,8,3,3,0,1,4,1
6.45,0,3,3,1,3,1,3,1
7.06,0,8,6,0,1,0,1,1
8.24,4,7,1,2,0,0,3,0
5.67,0,4,4,5,0,1,4,0
7.83,0,3,3,0,1,1,3,1
7.64,0,6,3,0,1,0,1,0
6.81,0,4,2,1,0,1,4,0
5.95,0,5,0,2,0,1,2,0
7.47,1,6,2,1,0,1,2,0
6.87,1,3,1,2,0,1,4,0
7.63,0,2,0,1,0,1,6,0
7.42,0,8,2,1,0,1,9,1
9.0,2,4,2,0,0,1,3,0
7.16,0,5,2,1,1,0,6,0
6.38,0,0,2,1,0,1,3,0
7.58,0,5,3,1,0,1,8,0
7.62,0,4,2,2,0,1,4,1
8.76,0,1,1,1,2,1,4,0
8.24,0,5,2,3,0,0,9,1
7.76,0,8,1,2,0,0,6,1
8.86,0,2,4,0,0,1,6,1
6.21,0,6,1,3,1,1,7,1
6.76,0,1,2,3,0,0,6,0
6.47,0,5,1,1,0,1,4,0
7.01,0,6,1,0,2,1,4,1
6.02,0,3,0,1,1,1,3,0
8.04,0,7,2,2,0,1,6,1
7.18,0,7,2,2,0,0,3,0
5.93,0,2,3,1,2,1,3,1
6.38,2,4,2,2,2,0,3,0
7.71,0,2,0,1,1,1,0,1
8.24,1,4,1,1,1,0,4,0
9.4,3,9,6,3,2,1,3,1
10.0,0,3,1,2,2,1,4,1
7.81,0,2,1,1,0,1,1,0
6.41,2,4,1,0,3,1,3,0
5.27,0,8,2,1,1,1,1,0
7.67,0,3,2,1,1,0,5,1
6.59,0,3,2,1,0,1,5,1
6.98,0,2,1,0,0,1,3,0
6.79,0,5,2,2,1,1,2,1
7.26,4,2,2,3,1,1,9,0
8.47,3,1,0,0,0,1,3,0
7.56,0,8,2,1,1,1,5,1
7.24,0,3,2,2,0,1,3,1
6.36,0,6,1,0,0,1,4,1
5.73,2,4,1,2,1,1,1,0
6.91,0,4,2,3,1,1,7,0
7.35,2,1,2,1,0,1,9,1
9.17,1,7,4,1,0,1,4,1
7.53,0,6,6,2,0,1,2,1
8.38,0,3,3,1,1,1,1,0
6.9,1,4,2,0,2,0,1,1
6.22,0,9,2,1,1,0,6,0
6.43,0,6,0,1,1,0,9,0
6.67,2,3,3,2,0,1,5,0
9.53,0,8,0,2,0,1,3,1
6.58,0,4,4,2,2,0,5,0
8.24,0,3,1,2,0,1,3,1
6.5,0,6,4,2,0,1,4,1
8.33,3,3,0,1,0,1,7,0
7.78,0,7,3,1,1,0,5,1
7.24,0,3,1,3,0,1,4,1
7.36,0,3,1,0,0,1,8,0
6.75,3,8,3,3,1,1,5,0
7.85,0,0,0,2,0,0,5,0
6.95,1,5,5,0,0,0,1,0
6.17,0,3,2,1,1,1,3,0
6.12,1,7,1,1,3,1,5,0
7.57,3,9,2,3,0,0,6,0
8.98,1,9,2,1,0,1,3,0
7.56,2,0,5,1,0,0,1,0
7.28,0,8,3,2,0,1,5,1
7.69,1,1,1,4,2,1,3,1
8.71,0,13,2,0,1,0,6,1
7.62,0,5,3,2,0,0,6,0
6.99,2,4,1,2,1,1,6,0
8.51,3,3,1,2,0,1,2,0
7.83,0,5,0,0,0,0,6,0
8.94,0,5,1,4,2,1,4,0
7.58,0,6,0,3,0,0,4,0
6.18,0,7,1,1,0,1,0,1
6.03,0,10,2,3,2,1,3,0
9.05,0,4,3,3,0,1,2,1
9.12,0,4,3,2,0,1,6,1
7.22,0,9,0,2,0,1,7,1
7.02,1,4,2,2,0,0,2,0
8.86,0,7,2,1,0,1,6,1
6.29,2,2,0,1,0,0,2,0
6.51,0,3,2,0,0,1,3,0
8.04,0,7,1,1,0,1,0,1
7.01,0,8,1,2,1,0,3,0
7.39,0,5,2,3,2,1,1,0
7.24,3,4,2,1,1,1,4,0
7.74,0,3,2,0,1,1,9,0
8.81,0,3,0,1,1,1,1,0
7.49,2,5,4,3,0,1,2,0
8.04,3,3,3,1,0,0,3,0
5.35,0,3,2,2,0,1,3,0
7.35,0,6,2,2,0,1,6,1
6.56,0,4,2,2,3,0,6,0
6.18,0,6,0,1,0,1,5,0
6.52,0,2,0,0,2,1,4,0
7.07,0,3,0,1,0,1,7,0
8.32,2,4,2,0,0,0,0,0
6.07,0,5,2,0,0,1,3,0
7.43,0,1,2,2,0,1,8,0
6.92,0,5,1,1,0,0,4,0
7.07,1,8,5,2,1,1,1,1
8.4,0,13,3,2,0,0,4,1
7.94,1,8,1,0,1,1,6,1
8.74,2,6,1,1,2,1,2,1
7.25,0,4,1,0,0,0,4,0
6.7,0,3,4,3,3,1,4,1
7.18,0,6,0,3,0,1,3,0
7.64,0,4,6,2,0,1,5,1
7.58,2,12,1,5,0,0,3,0
6.32,0,6,0,0,1,1,2,0
7.49,1,5,3,3,0,0,3,1
7.63,0,2,2,1,1,1,6,0
9.92,0,6,2,0,2,1,2,1
9.28,0,3,1,0,0,0,3,1
6.55,0,6,0,0,1,0,6,0
7.11,0,3,1,2,1,0,3,0
5.94,0,7,2,1,0,0,7,0
6.81,0,7,1,1,0,1,4,0
7.72,1,5,6,0,0,1,6,0
8.61,0,10,3,1,0,0,5,1
6.67,2,4,2,0,1,1,2,0
6.75,0,5,1,0,0,1,5,0
5.25,0,3,2,1,0,0,5,0
7.24,0,6,2,1,1,1,7,0
6.34,0,2,3,0,1,1,4,1
6.87,0,2,0,2,2,1,1,0
6.52,0,3,2,1,0,1,2,1
7.31,4,8,5,1,1,1,2,1
5.64,0,6,3,2,0,1,1,0
5.93,0,3,0,0,1,0,4,1
9.53,0,10,3,3,0,1,5,1
6.11,0,7,0,0,0,0,4,0
6.3,0,6,3,1,3,0,4,1
9.24,0,6,3,1,1,0,3,1
10.0,0,5,4,1,1,1,3,1
6.23,0,2,1,4,0,1,4,0
7.03,4,4,0,1,1,1,3,0
7.74,0,6,5,3,0,1,4,1
9.13,2,6,4,4,0,1,5,1
6.41,0,3,1,3,0,1,9,0
7.15,0,3,1,3,0,1,6,1
8.18,1,4,1,2,0,1,8,1
7.83,0,2,2,2,1,1,5,1
7.02,1,5,2,1,0,1,8,1
7.27,0,2,2,3,1,0,4,0
6.03,0,6,5,0,2,1,5,1
7.16,1,1,4,1,0,1,1,0
7.13,0,3,2,1,1,1,2,0
7.63,0,5,3,1,0,0,3,0
6.84,0,4,4,2,2,0,8,1
7.87,0,3,2,1,0,1,4,1
8.41,3,3,1,3,0,1,6,1
7.56,0,6,2,2,0,1,4,0
7.75,0,8,2,1,2,1,2,1
7.45,1,7,0,3,0,1,5,1
7.4,0,5,0,0,1,1,7,0
6.68,1,11,3,3,0,0,4,0
7.72,0,4,1,0,1,0,4,0
7.3,0,6,0,3,0,1,1,1
9.49,1,1,2,1,0,1,3,1
8.97,0,5,3,1,0,1,7,1
7.79,0,7,1,1,0,1,1,1
6.64,0,4,1,1,1,0,6,0
6.29,1,6,4,1,1,1,1,0
8.59,2,6,0,2,0,0,6,0
7.66,0,8,4,0,0,1,5,1
7.88,0,8,2,1,0,0,7,1
5.66,3,9,2,1,1,1,2,0
8.33,0,6,2,3,1,1,7,1
7.85,0,3,0,3,2,1,3,1
6.29,0,6,0,3,2,1,5,1
6.93,0,1,3,1,0,0,4,0
7.66,2,3,0,2,0,1,4,0
7.45,1,6,0,1,2,0,3,1
7.11,0,9,1,1,0,0,3,0
7.3,0,9,1,3,0,1,3,1
7.15,0,2,2,2,0,0,5,0
7.55,0,5,0,1,1,0,3,1
8.87,0,3,3,3,1,1,5,1
5.0,0,5,2,0,3,1,3,0
7.16,0,2,2,1,0,1,3,0
7.58,0,4,3,1,0,1,6,1
7.7,0,3,3,2,0,1,1,1
7.03,0,3,0,1,1,1,4,0
5.64,0,4,1,2,0,1,4,1
7.73,0,4,0,2,2,1,3,1
9.13,1,3,1,2,0,1,4,1
5.87,1,9,3,0,1,1,5,0
8.26,1,2,2,0,1,1,3,1
7.07,0,4,4,2,0,1,1,0
7.34,1,2,3,2,1,1,3,0
6.35,0,9,1,3,0,1,4,1
7.07,0,8,1,0,1,1,4,1
8.7,0,4,4,1,1,1,5,1
7.98,0,4,2,2,1,1,2,1
9.13,0,5,2,1,0,1,7,1
8.58,0,4,2,4,3,1,2,1
7.84,1,7,1,0,2,1,5,0
9.14,0,6,0,4,1,1,0,1
7.84,0,2,3,2,3,0,2,0
8.23,0,8,4,1,0,1,1,1
7.1,0,2,3,2,0,1,4,0
7.47,0,5,0,1,0,0,3,0
6.7,0,3,1,2,0,0,6,0
8.39,0,3,3,1,0,1,3,1
6.22,1,7,0,1,1,1,4,1
8.18,2,4,3,1,0,1,5,0
7.21,0,8,2,2,0,1,7,1
8.57,0,5,0,1,1,1,5,1
8.15,1,4,5,3,1,1,6,1
9.22,4,5,4,3,3,1,3,0
8.13,0,6,0,2,0,1,3,0
5.83,2,5,2,3,1,1,10,1
7.33,2,5,2,3,0,1,7,0
6.23,1,4,3,3,0,0,8,0
6.88,0,6,3,1,1,0,4,0
8.91,0,2,3,0,0,1,6,1
8.04,0,3,2,2,1,1,3,0
6.7,0,0,3,6,0,1,2,0
6.39,0,4,3,1,0,0,4,1
7.43,0,3,3,2,0,1,0,1
6.18,0,2,2,1,0,1,3,0
6.73,0,7,1,4,0,1,5,1
7.71,1,2,4,1,0,1,3,0
8.56,0,6,3,2,0,1,3,1
8.01,0,5,2,0,1,1,3,0
5.11,1,3,0,1,0,1,2,0
7.7,1,6,3,1,1,1,3,0
7.47,4,5,4,4,1,1,8,0
7.81,2,4,1,3,0,1,1,0
9.02,2,8,4,0,0,0,4,1
5.34,0,5,1,2,1,1,7,0
6.81,0,4,0,1,2,1,2,1
7.99,0,3,6,1,0,0,5,1
5.82,0,4,4,1,1,1,3,0
8.88,2,5,2,1,0,1,6,1
7.77,0,3,2,1,0,1,3,0
8.25,0,4,4,3,0,1,2,0
6.83,0,9,4,0,0,0,4,0
8.21,0,4,0,6,0,1,8,1
8.47,0,4,2,4,0,1,3,1
7.63,0,3,3,1,0,1,1,1
7.63,2,5,0,2,1,1,1,0
7.67,0,1,4,2,0,0,3,1
6.54,1,5,4,1,1,1,3,0
7.25,0,5,2,3,2,0,2,1
7.25,0,4,2,1,0,1,4,1
7.78,0,5,1,2,0,1,6,1
8.4,1,3,1,3,0,0,7,0
6.34,0,12,3,5,2,1,4,1
7.27,2,4,0,3,0,1,3,0
8.88,0,9,3,3,0,1,3,1
6.66,0,6,2,1,3,0,2,1
6.58,1,4,1,1,0,1,6,0
7.6,0,6,2,0,0,0,3,0
8.24,0,3,5,0,2,1,8,1
7.41,3,4,4,0,2,1,5,0
8.73,0,4,4,0,0,1,8,1
8.26,0,0,3,2,0,1,2,0
8.24,0,2,2,4,0,1,4,1
7.95,0,7,5,3,0,1,5,1
9.73,1,4,1,1,0,1,7,0
7.19,1,5,1,1,0,1,3,0
5.4,0,6,5,2,1,1,4,1
9.0,1,2,1,0,1,1,10,1
6.94,0,3,2,1,2,1,2,0
7.51,0,3,1,2,1,1,6,1
8.71,0,9,1,0,0,1,7,1
5.8,4,9,1,1,0,1,3,0
6.15,0,3,3,3,0,1,6,0
5.8,0,2,4,0,0,0,1,0
6.61,0,6,3,2,0,0,4,0
7.84,1,5,2,2,1,1,6,1
7.92,0,3,3,1,0,1,3,0
7.68,0,6,5,3,0,1,5,0
5.99,1,4,1,0,0,1,5,0
5.09,0,3,2,3,3,0,2,0
7.45,0,3,3,1,1,1,4,0
6.93,0,4,3,1,0,1,4,0
7.86,0,7,2,1,0,1,3,0
8.1,0,8,1,1,2,1,8,1
7.54,1,4,3,1,0,1,5,0
8.16,0,1,1,1,1,1,3,1
7.63,0,2,1,2,1,1,2,0
7.93,4,9,3,2,1,1,3,0
6.7,0,3,3,5,0,0,2,0
7.22,0,4,4,2,2,1,2,1
7.6,2,5,0,2,0,1,1,0
8.22,0,8,2,4,0,1,7,1
7.01,1,3,2,3,0,1,3,0
7.92,1,6,1,2,0,0,5,1
7.13,0,6,3,3,0,1,5,0
7.28,0,6,2,3,1,0,5,1
8.23,0,1,2,2,2,1,4,1
5.41,0,5,1,1,0,1,4,0
6.1,0,3,3,4,1,1,5,0
5.92,0,5,1,2,3,1,1,0
5.07,1,3,0,2,0,0,6,0
6.72,2,6,3,1,1,1,3,1
8.15,1,5,1,3,3,0,5,0
7.12,0,7,1,1,1,1,3,1
7.6,0,6,2,1,0,0,3,0
8.49,0,6,3,2,2,1,7,1
8.73,0,7,0,5,1,0,1,1
7.33,2,6,2,2,0,1,7,0
8.75,0,3,0,5,0,0,3,0
7.49,0,8,2,2,0,1,5,1
6.56,1,5,3,0,0,1,5,0
6.81,0,7,3,2,0,1,9,1
5.92,0,5,0,1,0,1,7,0
6.51,0,10,3,2,1,0,3,1
7.04,0,5,3,1,1,1,3,1
8.2,1,4,4,1,0,1,7,0
9.12,0,1,2,4,0,1,7,1
6.02,2,2,2,2,0,1,3,0
7.79,1,5,0,1,0,1,3,0
6.36,1,6,3,1,1,0,4,0
7.87,0,3,3,0,0,1,5,0
7.27,0,4,1,3,2,0,1,1
5.57,1,5,2,0,0,1,6,0
8.33,0,6,4,0,0,0,2,1
6.79,0,5,3,0,2,1,8,1
6.87,1,4,1,1,0,1,6,0
6.33,0,9,4,1,0,1,7,0
6.75,1,4,1,2,0,1,4,0
7.83,2,1,0,2,1,1,4,0
7.21,1,3,1,1,0,1,4,0
7.73,0,5,2,2,1,1,6,1
7.76,2,5,0,1,1,1,6,0
8.72,0,5,1,3,2,0,6,1
7.06,1,5,6,0,1,1,1,1
5.92,1,3,4,4,1,1,4,0
8.47,1,6,3,5,1,1,4,1
7.07,0,6,1,2,0,0,5,1
8.51,0,5,4,2,1,1,6,1
7.78,0,8,3,0,1,1,1,1
7.27,0,9,0,3,0,1,1,1
7.75,0,5,4,1,1,1,3,1
9.35,0,6,7,1,0,0,2,0
9.48,0,5,1,2,0,1,0,1
7.47,1,3,6,3,0,1,4,1
7.56,2,5,2,1,0,1,6,1
8.48,0,4,2,3,0,1,3,1
6.55,1,3,1,2,0,0,4,0
7.73,0,8,3,2,0,1,3,1
7.37,0,3,4,1,0,0,6,1
7.71,0,1,1,0,1,1,4,0
6.57,1,6,1,3,0,1,3,0
5.81,3,5,2,3,3,0,1,0
5.33,1,4,1,3,1,1,6,0
6.28,2,2,2,2,0,1,3,0
6.94,4,0,4,0,0,1,6,0
7.11,0,4,1,1,0,0,7,0
9.34,0,3,4,1,0,1,9,1
8.51,0,9,2,0,0,1,2,1
6.44,4,4,3,0,1,1,4,0
7.75,0,3,4,0,1,1,3,1
6.99,0,2,4,0,0,1,4,0
7.12,2,5,2,2,1,1,5,0
7.59,0,2,5,2,0,0,6,0
8.02,1,2,1,1,1,0,8,0
7.06,0,2,4,1,2,1,3,1
8.46,3,3,5,0,0,1,4,1
6.26,2,5,4,3,1,1,8,0
7.41,0,4,3,2,1,0,6,1
10.0,1,4,2,2,0,0,7,0
7.62,0,4,0,1,0,1,4,0
8.83,0,3,2,1,1,1,8,1
7.49,0,8,2,0,0,1,5,1
7.98,1,3,2,2,0,1,4,0
7.34,0,12,2,6,1,0,5,0
7.23,0,6,1,1,0,1,4,0
6.62,0,8,2,0,0,1,4,1
7.83,0,4,3,1,3,1,6,1
6.55,0,4,3,3,0,0,3,1
8.07,0,5,0,2,0,1,3,0
8.49,0,5,1,0,1,1,2,1
7.77,1,4,3,2,0,1,7,1
7.11,0,2,4,1,1,1,8,0
7.85,0,7,3,2,1,0,5,0
7.09,2,6,2,2,0,1,2,0
8.34,0,4,1,1,0,1,3,1
5.57,1,4,1,0,2,1,2,0
7.06,0,11,2,1,2,1,4,1
5.41,1,8,3,2,0,1,4,1
5.9,1,5,3,3,0,1,7,0
8.76,2,6,2,2,0,0,2,1
8.3,0,3,3,0,2,0,4,0
6.68,0,8,2,0,1,0,6,0
5.9,1,3,3,1,0,1,2,0
5.0,0,3,2,3,2,0,2,0
6.86,0,5,1,0,0,1,5,0
9.82,0,5,2,2,0,1,4,1
7.83,3,6,3,1,1,1,2,0
6.84,0,11,3,1,0,1,2,1
7.87,0,4,1,0,1,0,6,0
5.84,1,9,1,2,0,1,2,1
7.1,0,5,1,3,1,1,1,1
7.5,0,3,0,1,2,1,2,1
7.31,0,3,0,2,0,1,3,0
8.19,0,4,0,0,0,1,8,0
7.74,0,4,1,1,1,1,5,0
8.07,2,5,1,0,0,0,0,0
6.71,1,0,2,1,1,1,7,0
8.3,0,6,3,3,1,1,3,1
9.03,0,6,2,2,0,0,6,1
6.43,0,3,3,2,2,0,4,1
6.51,3,3,3,1,0,1,2,1
8.74,2,6,5,1,0,1,2,1
7.21,2,5,3,3,0,0,4,0
8.8,0,4,0,2,1,1,3,1
6.96,0,5,2,0,2,1,4,1
8.86,0,9,3,2,0,1,5,1
7.53,0,1,2,0,0,1,4,1
7.66,0,9,4,0,0,1,4,1
8.96,0,2,1,0,1,0,2,1
7.04,4,6,0,2,0,1,5,0
6.46,0,3,1,1,0,0,5,0
6.95,0,4,1,3,0,1,6,1
7.85,1,2,0,1,0,1,4,0
5.83,0,8,1,1,1,1,3,0
8.04,1,7,2,2,0,1,3,0
6.86,0,4,3,4,0,1,3,1
8.55,2,7,1,2,0,1,6,1
5.01,0,6,3,2,0,1,5,1
6.61,0,4,2,4,0,1,8,0
5.71,0,5,1,1,0,1,5,0
6.57,0,4,1,5,0,1,7,0
7.65,0,4,3,2,0,1,5,1
7.22,0,3,1,0,0,1,6,0
7.15,0,4,4,0,1,1,4,1
7.24,1,7,1,1,0,1,2,0
7.6,0,2,1,1,0,0,1,0
6.39,0,5,3,5,1,1,6,0
8.11,0,5,1,0,0,1,6,1
8.06,1,4,1,0,0,1,4,0
7.79,0,9,2,0,1,1,5,0
7.96,0,6,1,1,0,1,5,1
7.7,1,1,0,2,2,1,2,0
9.44,0,4,1,6,0,1,2,1
7.31,1,5,1,2,2,1,2,0
7.09,0,4,3,0,1,1,4,1
6.65,0,6,0,0,0,1,3,0
6.37,0,6,1,1,0,1,9,0
6.16,2,4,1,2,1,0,6,0
6.51,0,1,1,1,0,1,3,0
7.33,0,9,2,1,0,0,3,0
7.73,0,10,0,1,2,1,4,1
7.45,0,6,1,5,1,0,2,0
6.63,0,5,0,0,2,1,2,0
8.3,0,2,1,3,1,1,5,0
8.14,0,6,0,1,1,1,5,1
7.24,0,7,2,1,1,1,3,1
6.75,0,4,4,1,1,0,4,1
7.95,0,12,2,0,2,0,5,1
7.59,0,7,1,1,1,0,4,1
5.95,0,7,5,1,0,1,2,1
7.33,0,6,6,2,1,1,5,1
7.66,0,4,1,1,0,1,4,0
6.5,0,4,1,4,2,1,5,0
7.59,0,6,2,1,1,0,4,1
5.95,0,6,0,1,1,1,4,0
8.74,1,7,1,1,0,1,8,1
8.65,0,4,0,5,0,1,10,0
7.15,1,3,2,1,0,0,7,0
7.76,0,4,3,3,1,1,3,1
5.0,1,7,2,1,1,1,2,0
6.24,0,3,5,2,0,0,1,0
7.11,0,4,0,2,0,1,1,0
6.33,0,6,0,0,0,1,4,0
8.11,2,3,1,5,0,1,3,1
9.4,0,5,1,3,2,1,2,1
6.22,0,3,1,0,2,1,4,0
6.56,0,2,1,0,1,1,8,1
7.64,1,6,3,2,0,1,5,1
9.01,0,4,2,3,0,1,5,1
6.18,0,6,1,4,2,1,2,1
7.65,0,7,1,0,3,1,3,1
9.22,2,4,1,2,0,1,1,0
5.75,0,7,2,3,1,1,5,0
6.12,0,3,3,2,0,1,5,1
6.98,3,6,2,0,0,0,5,0
6.88,0,5,3,2,3,1,3,1
8.21,0,1,1,1,2,1,1,1
7.64,0,5,1,2,3,1,4,0
5.63,0,4,0,0,0,1,4,0
7.92,0,6,3,1,0,1,3,1
6.82,0,6,1,1,2,1,4,1
8.67,1,7,2,0,1,1,5,0
6.77,1,7,1,1,0,1,3,0
6.76,0,2,1,3,0,1,3,0
7.94,0,6,1,2,0,0,4,0
8.16,0,2,3,5,1,1,2,0
7.85,2,10,3,1,2,1,6,1
5.71,0,4,3,4,0,1,3,0
7.94,0,1,1,1,0,1,3,0
6.37,0,7,2,2,0,1,4,0
7.64,0,5,1,2,1,1,2,0
5.98,0,5,1,3,0,0,8,0
7.85,1,1,5,0,0,1,6,0
6.59,0,6,3,0,1,1,3,1
6.12,2,5,1,1,0,1,4,0
8.11,0,2,0,2,1,0,7,0
7.64,1,1,2,2,1,0,4,0
6.79,1,4,0,1,0,1,5,0
8.85,4,2,1,2,1,1,0,0
6.96,0,2,0,2,1,0,7,0
7.43,0,5,4,2,1,0,2,1
7.67,0,5,3,2,1,1,1,1
6.78,0,4,1,3,0,1,3,0
7.87,0,8,0,0,0,1,10,0
6.87,4,6,1,2,0,1,8,0
6.99,4,1,3,2,0,0,3,0
8.76,0,3,3,3,0,1,6,1
6.36,0,2,1,3,0,1,2,0
5.0,1,0,1,3,1,1,5,0
9.01,2,5,1,1,0,1,8,1
9.95,0,4,3,3,2,1,6,1
6.99,0,3,3,1,1,1,4,0
5.46,1,10,3,1,0,1,3,0
7.09,0,3,0,2,1,0,3,0
7.11,0,0,0,0,0,0,6,0
7.21,4,9,0,1,2,1,2,0
6.29,4,8,0,1,2,1,2,0
7.98,2,2,1,1,1,1,1,1
7.92,1,7,4,2,1,0,0,1
5.91,0,4,2,1,2,0,2,0
8.1,0,3,4,1,1,1,6,0
9.45,0,6,0,1,2,1,8,1
7.57,0,3,0,2,0,1,2,0
7.06,0,4,1,1,2,1,4,1
7.26,0,4,1,3,1,1,7,0
8.02,0,4,3,5,0,1,3,1
5.67,1,4,3,2,3,1,7,1
7.56,0,6,2,2,1,0,6,1
7.01,0,6,2,1,2,1,6,1
9.25,0,5,2,0,0,1,4,1
7.23,0,7,1,3,1,1,6,1
9.07,1,4,2,1,1,1,4,1
6.3,0,4,2,2,0,0,3,0
7.99,0,2,1,0,1,1,5,1
7.72,1,3,2,0,1,1,4,1
6.53,0,2,4,3,0,1,4,0
7.58,0,4,0,1,1,1,4,0
8.61,0,6,1,1,0,0,4,1
7.08,0,11,1,4,1,1,1,1
5.71,0,4,1,2,2,1,0,0
7.38,0,7,2,2,0,0,5,0
6.5,0,7,2,2,0,1,6,1
7.06,0,5,3,1,0,1,3,0
7.32,0,7,1,0,0,1,4,1
5.69,0,7,2,0,2,1,2,0
5.78,1,10,2,1,0,0,3,0
7.88,0,7,5,1,0,1,3,1
6.88,0,4,1,0,0,1,4,0
5.0,0,6,3,0,1,1,1,0
8.18,0,5,5,1,1,1,5,1
7.67,0,6,0,0,0,0,1,0
6.69,1,4,1,3,0,0,2,0
6.08,2,5,4,3,0,1,1,0
8.24,0,3,4,1,0,1,1,1
7.75,0,6,0,1,0,1,5,0
9.78,2,2,1,1,1,1,3,0
7.82,0,5,3,0,0,1,8,1
7.79,0,5,1,0,0,1,3,0
7.23,0,1,2,1,1,0,3,0
8.22,0,4,1,1,1,0,4,1
8.03,1,5,2,4,0,0,5,1
8.65,0,7,0,3,0,0,7,0
6.88,3,7,2,1,1,1,3,0
6.96,0,9,0,1,0,1,3,0
6.92,0,10,0,0,1,1,7,0
8.19,0,3,1,4,1,1,6,1
8.9,0,9,2,2,2,0,5,1
6.94,0,6,1,0,0,1,2,0
6.98,0,8,1,3,0,1,9,1
7.71,0,2,2,0,2,1,4,0
7.15,0,5,3,0,0,1,2,1
8.35,0,5,4,2,0,0,9,1
5.15,0,3,1,0,1,1,4,0
6.57,0,3,4,1,0,1,4,1
6.62,0,5,2,2,1,1,2,0
5.08,1,3,3,2,2,1,5,0
6.44,1,8,2,2,1,1,5,0
6.48,0,6,3,0,0,1,1,0
7.2,0,4,1,0,2,1,6,1
8.51,0,3,2,1,1,1,3,1
7.15,0,10,2,2,0,1,7,0
6.37,0,9,1,2,1,1,1,1
7.34,0,2,3,0,0,1,7,1
8.45,0,9,3,3,0,0,0,1
6.42,0,3,3,1,1,1,3,0
6.49,0,2,1,0,0,1,3,0
7.96,0,4,3,1,0,1,8,1
7.18,1,2,5,1,1,1,1,1
8.05,2,4,2,1,0,1,3,1
7.39,0,5,2,1,0,1,5,1
8.1,2,1,1,3,0,0,4,0
6.36,0,6,5,2,1,0,1,0
7.39,2,7,2,2,2,1,1,0
7.19,3,2,0,3,0,1,3,0
6.18,0,3,2,2,1,1,5,0
5.84,1,3,3,2,0,1,3,0
8.09,3,9,0,1,0,1,5,0
7.05,2,7,3,0,0,1,4,0
6.38,3,6,3,4,0,1,2,0
7.3,0,3,2,4,0,1,1,1
8.53,0,9,0,1,1,0,3,1
5.12,1,5,0,2,1,0,7,1
5.9,0,4,3,2,3,1,2,1
6.48,0,5,3,6,2,1,3,0
8.86,0,4,5,3,0,1,3,1
7.68,0,9,3,0,0,1,9,1
8.17,0,4,2,3,0,1,1,1
6.26,1,7,1,0,0,0,8,0
6.28,0,4,2,2,2,1,2,0
7.85,1,3,5,0,0,0,2,0
7.46,1,2,2,2,0,1,3,1
7.95,0,3,1,0,0,0,8,0
7.21,0,5,2,2,2,1,2,0
7.68,0,3,2,1,0,1,3,1
7.56,3,9,1,2,1,1,6,0
8.18,1,7,2,2,0,1,3,1
8.21,0,4,1,1,0,1,6,0
5.78,0,8,0,3,0,1,5,0
5.15,0,6,1,3,1,1,4,0
8.4,0,9,1,2,1,0,8,1
8.59,2,3,4,2,0,0,4,0
6.38,1,4,3,0,0,1,2,0
5.54,0,5,3,1,0,0,3,1
7.5,1,3,3,1,0,1,7,0
8.33,0,6,1,2,0,1,7,1
9.2,1,7,4,1,0,1,5,1
7.92,0,3,3,3,1,1,3,1
7.03,0,6,6,2,1,1,2,1
6.51,2,3,2,3,1,0,5,0
7.41,0,3,2,5,1,1,5,1
7.1,0,4,3,2,3,1,4,1
6.38,4,6,1,0,2,1,4,0
9.45,0,2,1,3,0,1,6,1
9.19,0,2,0,0,0,1,6,1
8.54,0,9,1,1,0,1,7,0
6.48,0,2,1,1,2,1,1,0
8.26,0,3,4,2,0,0,5,1
8.04,0,9,4,3,0,0,9,1
7.84,1,10,3,1,0,1,2,0
8.65,0,6,0,2,1,1,1,1
8.04,0,7,0,1,1,0,5,1
8.14,1,5,1,1,1,1,3,1
8.04,0,10,2,1,1,1,1,1
7.74,1,6,1,1,2,1,3,1
5.62,0,5,6,4,0,1,1,0
7.48,3,3,3,1,2,1,7,0
6.84,0,7,1,2,1,1,1,0
6.12,0,8,2,0,0,1,2,0
9.08,2,3,3,2,3,0,4,1
9.13,0,2,0,1,2,1,7,1
8.76,0,13,5,1,1,1,2,1
7.66,0,2,2,3,2,1,3,1
8.75,0,3,1,1,0,1,8,1
7.41,0,4,1,2,0,1,1,0
7.6,0,4,2,1,0,1,9,1
6.31,0,4,1,0,2,1,5,0
7.8,0,2,1,2,1,0,4,0
7.46,0,2,1,1,3,0,4,0
6.1,0,5,2,0,1,1,4,0
7.35,0,3,2,2,1,1,6,1
7.32,0,7,6,3,0,1,5,1
9.2,0,4,7,0,0,1,4,1
8.29,0,3,2,1,0,1,2,1
7.41,0,1,2,2,1,1,7,1
7.65,0,5,4,0,0,1,2,1
7.44,0,6,5,1,2,1,4,0
7.2,0,7,3,0,1,1,2,1
6.32,0,5,1,4,0,1,4,1
7.25,0,7,1,2,2,1,5,1
6.65,1,1,2,2,1,1,5,0
6.15,0,3,2,1,1,0,1,1
7.91,0,3,4,0,0,1,3,1
7.79,0,8,2,0,0,1,7,1
5.61,0,4,1,1,0,1,4,0
7.28,0,8,1,1,0,1,4,0
8.4,0,5,0,0,1,1,3,0
8.46,0,5,2,0,2,1,2,1
8.43,0,6,2,1,2,1,1,1
7.44,1,9,2,2,0,1,1,0
6.55,2,7,1,2,3,1,3,0
6.32,0,2,1,2,0,0,5,1
7.74,0,4,2,1,0,0,5,1
7.78,1,5,1,3,1,1,6,1
8.69,0,3,1,2,2,1,4,1
8.5,1,4,0,1,2,1,3,1
7.27,0,6,2,0,1,1,6,1
6.16,2,4,3,0,0,1,6,1
7.08,4,4,1,1,0,1,3,0
7.62,0,7,0,1,0,1,5,0
7.2,0,4,3,2,1,1,4,1
6.82,0,4,1,0,0,0,6,0
7.65,0,2,2,1,0,1,3,0
6.9,0,4,3,2,0,1,4,1
6.77,4,8,1,0,1,1,5,0
7.71,0,10,1,3,1,1,3,1
7.0,0,5,1,2,0,1,5,1
7.64,1,4,3,2,0,0,4,0
7.67,0,4,1,1,1,0,6,0
6.26,0,3,1,1,1,1,5,0
6.92,3,7,4,1,0,1,0,0
8.84,0,5,1,2,0,1,0,0
6.24,0,5,2,1,2,0,7,1
5.28,0,7,3,2,1,0,5,1
5.54,2,5,2,3,0,1,4,0
7.43,0,3,2,1,1,0,7,1
7.43,0,6,0,4,1,1,5,1
7.28,0,2,3,2,0,1,1,0
8.61,0,7,2,4,0,1,4,1
5.0,2,7,0,1,2,0,2,0
7.8,0,5,3,1,0,0,2,0
8.96,3,5,3,1,0,1,6,1
6.27,0,1,3,0,1,1,2,1
7.02,0,6,1,0,0,1,3,0
6.65,1,6,1,1,1,0,5,1
6.51,0,9,2,0,0,0,7,0
7.07,0,4,1,0,0,0,6,0
8.83,1,3,4,2,0,1,6,0
9.24,0,3,3,1,3,0,2,1
7.06,0,2,4,0,1,0,3,0
9.31,3,8,0,1,1,1,4,0
7.44,0,4,2,0,0,1,7,0
9.15,0,6,1,0,1,1,6,1
7.31,0,6,2,2,0,0,2,1
7.53,0,2,0,3,1,1,6,1
7.77,0,5,2,4,0,0,9,1
10.0,0,5,2,2,1,1,3,1
8.25,0,3,3,0,0,1,5,1
6.69,0,5,1,1,0,0,2,0
8.37,0,6,3,3,1,1,2,1
7.04,0,7,2,3,0,1,4,1
6.91,0,5,1,0,0,1,2,0
8.31,0,4,1,0,2,0,2,0
7.43,0,6,2,0,0,1,3,1
7.68,0,8,4,1,1,0,4,1
7.41,1,1,2,0,1,1,4,0
7.74,0,4,3,1,1,0,2,0
7.82,0,5,4,0,0,1,1,1
5.46,2,8,2,3,1,1,6,0
8.07,0,5,1,1,0,1,3,0
6.42,0,4,2,3,0,1,5,1
5.96,0,3,1,2,1,1,2,1
7.34,0,5,4,1,2,1,0,1
7.48,0,2,2,2,0,1,1,0
6.71,1,4,1,0,0,1,7,0
8.23,0,6,1,2,1,0,7,1
6.06,1,3,1,0,0,1,3,0
6.99,2,1,0,1,1,0,3,0
6.82,0,6,2,2,0,1,1,1
7.35,0,6,3,1,0,1,1,1
7.68,0,7,3,0,1,0,5,1
6.39,4,1,2,1,3,1,2,0
8.12,0,3,4,2,0,1,6,1
7.46,0,5,1,2,2,1,3,0
5.51,0,5,1,2,0,1,2,0
5.44,0,12,0,1,0,1,2,0
7.39,0,8,1,1,0,1,4,0
7.18,0,7,0,3,0,0,2,0
7.3,0,3,1,1,1,1,6,0
7.37,2,3,1,1,0,0,4,0
7.63,0,6,2,2,0,1,6,1
8.35,0,4,5,5,0,1,4,1
6.29,0,5,1,1,1,1,4,0
6.23,0,6,1,1,2,1,4,0
6.31,0,6,1,3,0,1,3,0
7.69,0,8,3,1,0,1,6,1
8.64,0,6,3,2,3,1,7,1
6.97,0,7,4,2,0,1,5,1
5.0,0,5,1,0,1,1,3,0
5.7,0,4,4,1,1,1,4,0
6.57,0,4,1,0,2,1,6,0
6.84,0,6,4,1,0,1,3,0
6.99,0,6,2,1,0,1,4,0
7.44,0,5,4,2,0,1,3,0
7.09,0,4,3,2,0,0,4,1
8.45,1,3,0,2,0,1,4,0
6.72,4,6,1,1,3,0,3,0
6.54,2,4,0,3,0,1,1,0
7.88,0,9,2,0,0,0,2,0
5.86,0,5,2,1,0,1,5,0
7.79,0,5,2,4,0,0,4,1
7.5,1,1,1,0,0,1,4,0
7.25,1,5,1,2,0,1,6,0
8.99,1,4,0,0,1,1,3,1
6.78,2,6,1,1,1,0,4,0
9.46,0,8,1,1,0,1,5,1
7.17,1,6,1,1,1,0,6,0
6.12,1,4,4,2,0,1,3,0
7.47,0,4,0,5,0,1,4,0
6.32,2,5,4,1,2,1,2,0
6.65,0,7,3,3,2,1,7,1
7.8,4,5,2,2,0,1,5,0
7.96,1,6,4,2,0,1,4,0
6.78,0,5,1,2,0,1,5,0
8.39,0,4,1,1,0,0,2,0
8.56,0,6,3,1,1,1,4,1
8.84,1,6,3,0,0,1,5,1
7.93,1,4,2,3,2,1,6,1
8.76,0,3,2,2,1,1,5,1
5.52,1,2,4,1,0,1,3,1
7.08,0,7,1,1,2,1,2,1
6.53,0,3,2,1,1,1,5,0
7.52,0,6,1,0,0,1,3,0
6.83,0,4,1,0,0,1,10,0
7.23,0,8,2,0,2,1,3,0
9.28,0,8,1,3,2,0,3,1
7.23,0,5,1,1,0,1,7,0
7.81,0,5,3,1,1,0,2,0
7.17,2,0,1,1,2,0,2,0
7.48,0,4,3,0,3,1,8,1
7.41,2,4,2,1,0,1,5,0
7.85,0,6,3,0,0,1,1,1
8.57,0,7,1,1,2,1,1,1
9.05,0,4,4,1,0,1,4,1
7.71,0,5,1,2,0,1,5,1
7.99,0,4,4,2,1,0,3,0
6.25,0,3,1,2,0,1,5,1
7.31,0,14,2,1,1,1,5,1
8.34,0,5,0,4,0,1,3,1
8.27,0,3,1,3,1,0,1,0
7.61,0,4,0,1,0,0,4,1
8.29,1,10,3,3,1,1,2,1
7.89,0,5,2,1,0,0,6,1
8.6,3,5,2,1,0,1,4,0
7.69,1,7,3,1,2,1,1,1
7.04,3,5,2,2,1,0,3,0
7.74,1,9,0,2,0,1,3,0
5.0,0,10,1,2,0,1,0,0
7.78,0,5,1,2,1,1,3,1
5.0,0,4,4,2,3,1,9,1
5.68,1,3,3,1,0,1,2,0
7.85,0,5,6,2,2,1,6,1
7.88,0,5,2,1,0,1,5,0
6.24,2,2,1,2,1,1,3,0
6.69,0,4,1,1,0,1,4,0
8.77,0,5,1,3,0,1,1,0
6.92,1,3,1,3,2,0,5,0
9.64,0,7,4,1,0,1,1,0
7.4,0,8,1,0,2,1,7,1
7.81,1,10,3,1,0,1,5,1
9.02,0,4,0,5,0,1,3,1
7.53,0,4,3,1,2,1,0,1
6.4,0,4,1,0,1,1,4,0
7.29,0,8,1,2,0,1,1,0
7.36,0,4,4,2,1,1,2,1
6.04,2,8,5,1,0,1,4,0
7.14,2,6,2,2,2,1,4,0
6.66,0,3,2,0,0,1,3,1
8.32,0,8,0,1,0,0,5,1
7.43,0,6,3,2,0,1,2,0
7.12,0,2,1,1,1,1,3,0
7.29,0,5,2,2,2,1,7,1
7.62,0,6,0,2,1,1,7,1
8.02,0,8,5,0,0,1,2,1
6.4,4,5,2,0,0,0,5,0
6.36,0,6,3,2,0,1,5,1
8.5,2,5,2,1,2,1,4,0
6.99,0,3,0,1,0,1,1,0
5.98,2,3,1,2,1,1,5,0
7.84,0,8,4,1,0,1,8,1
7.86,0,7,1,1,3,1,2,0
5.87,2,5,1,1,0,0,0,0
7.63,2,7,2,0,0,0,1,0
8.14,0,3,0,3,2,0,5,1
7.77,0,6,4,0,2,0,8,1
8.03,0,4,1,2,1,0,3,0
6.0,0,6,4,2,1,1,0,1
7.73,0,6,0,2,1,1,8,1
7.1,2,6,1,2,0,0,5,0
6.92,0,2,2,1,0,1,5,0
8.27,0,7,1,4,1,0,4,1
8.88,0,3,1,1,1,1,1,1
9.19,0,5,1,0,0,1,0,1
8.71,0,6,1,1,0,1,2,1
7.29,0,1,2,0,1,0,5,0
7.75,0,7,3,1,0,1,2,1
8.17,0,5,2,3,1,1,1,1
7.52,2,5,0,3,1,0,3,0
7.53,1,6,4,0,0,1,3,1
8.22,2,5,0,1,0,1,3,0
7.34,0,5,2,5,0,0,5,1
6.67,0,5,3,1,0,1,6,1
6.99,0,10,0,3,1,1,5,1
8.03,0,7,2,2,1,1,8,1
7.4,0,5,1,2,2,1,3,0
7.74,0,7,3,0,0,1,1,1
8.07,0,2,3,1,1,0,2,1
7.03,0,5,3,3,0,0,4,1
8.16,0,6,2,0,1,1,5,1
7.78,0,3,2,1,0,1,3,0
6.17,0,4,1,2,1,1,3,0
8.84,0,6,3,2,0,1,1,1
6.9,0,9,0,0,0,1,4,1
5.74,0,3,3,5,3,1,7,1
6.35,0,4,4,1,0,1,2,0
6.38,1,2,3,3,0,1,4,1
7.45,0,8,3,1,1,0,6,1
7.13,0,8,2,2,0,0,2,1
7.06,3,2,4,0,0,0,5,0
8.02,0,7,0,2,0,1,5,0
7.74,2,7,1,2,0,1,6,0
7.72,1,5,3,0,2,1,3,1
7.81,0,6,7,4,1,1,4,1
8.02,0,4,1,3,0,1,5,1
5.29,0,3,4,1,0,1,4,1
7.04,4,1,0,3,2,1,5,0
5.22,0,11,1,0,2,1,1,1
7.44,0,5,3,3,0,1,2,0
7.4,0,6,2,1,1,0,6,0
8.45,0,8,2,2,0,0,4,0
8.59,1,4,1,2,0,0,3,0
7.6,0,1,1,0,2,1,5,1
6.9,1,5,1,2,2,1,4,1
7.89,1,4,2,1,0,1,5,0
6.87,0,6,3,2,2,0,5,1
7.4,0,6,3,1,1,1,2,1
8.39,1,4,1,1,1,1,1,1
6.84,1,4,0,1,1,1,3,1
8.21,1,6,3,2,0,1,2,1
8.08,0,6,1,1,2,0,6,1
6.45,0,4,2,1,0,0,1,0
8.37,0,2,0,4,0,1,1,1
8.1,1,3,2,1,0,1,4,0
7.5,0,5,2,2,1,1,2,1
6.64,0,5,1,3,0,1,5,1
6.54,0,7,2,2,0,0,2,0
6.86,0,6,1,1,1,1,1,0
7.94,0,7,3,2,0,0,2,1
6.44,0,5,5,4,0,1,6,1
7.84,0,2,4,2,0,1,3,1
6.16,2,3,2,1,1,1,2,0
7.2,1,3,1,3,0,0,2,1
7.51,0,2,2,4,0,1,2,1
9.85,0,4,1,0,0,1,3,1
6.02,3,2,1,0,2,1,5,0
8.87,0,3,2,2,1,1,1,1
7.55,0,2,1,1,0,1,2,0
7.81,0,1,0,2,2,1,3,1
7.52,0,2,1,0,1,1,5,1
7.84,0,8,0,2,1,1,6,1
7.25,1,5,5,2,0,1,5,1
8.85,0,5,4,3,0,1,7,1
6.94,0,8,4,0,1,0,4,0
8.53,1,5,1,3,0,1,4,1
6.76,2,3,1,0,0,0,6,0
7.34,1,4,2,1,0,0,1,0
6.33,0,5,2,4,0,1,4,0
7.86,0,8,1,1,1,0,8,1
8.85,0,5,3,2,0,0,4,1
7.32,0,10,2,0,1,1,4,1
7.2,0,3,3,3,1,1,9,1
6.29,0,3,0,5,0,0,5,0
7.17,0,6,0,4,0,1,2,0
5.81,2,11,2,2,0,0,2,0
6.49,4,6,2,1,0,1,2,0
7.63,0,4,0,2,1,1,1,1
8.72,0,5,1,1,1,0,5,1
10.0,0,8,1,6,2,1,3,1
6.81,0,3,2,0,3,1,7,1
8.84,0,5,3,1,0,1,5,0
7.64,0,4,4,4,1,1,2,0
7.25,1,4,1,1,0,1,6,0
7.83,0,3,1,1,0,1,7,0
7.46,2,7,1,2,0,1,4,0
7.51,0,2,1,1,0,1,4,0
6.99,0,3,4,0,1,1,2,0
6.0,0,5,1,0,1,1,6,0
5.86,0,3,4,1,0,1,5,0
8.05,0,6,2,3,0,1,4,0
7.12,4,6,1,0,1,1,4,0
6.8,0,6,3,1,1,1,5,0
7.41,0,1,1,1,1,1,3,0
8.19,0,7,1,2,0,1,3,1
7.58,0,5,4,2,0,0,3,1
6.74,0,3,1,1,1,1,4,0
8.63,0,2,2,0,1,1,3,0
8.98,1,5,1,1,0,1,1,1
7.89,0,6,0,1,0,1,1,1
8.37,0,1,2,4,0,1,5,1
8.64,0,6,4,1,1,1,1,1
8.53,1,7,1,2,0,1,5,1
8.01,0,2,2,2,1,0,5,0
8.0,0,11,3,3,2,1,3,1
7.92,0,4,3,2,0,1,4,1
6.3,0,9,0,1,0,1,6,0
8.1,0,1,4,0,0,0,5,0
6.04,1,3,1,0,0,1,4,0
6.61,0,10,3,1,2,1,2,1
8.7,1,7,2,2,3,1,0,1
8.24,0,5,0,1,0,1,2,1
8.89,1,4,2,3,2,1,3,1
7.13,1,2,2,1,0,1,2,0
6.25,0,3,1,4,1,1,4,0
7.16,0,6,5,2,1,0,2,0
7.5,0,8,2,0,0,1,1,1
7.48,1,6,3,1,0,0,3,0
8.53,0,5,2,2,1,1,2,1
7.04,0,3,3,2,0,1,7,0
7.75,0,3,3,1,3,0,4,0
6.41,1,1,4,1,0,1,5,0
7.85,0,6,2,0,0,1,4,1
7.4,0,4,2,1,2,1,5,1
6.65,4,8,2,1,0,0,4,0
7.16,0,7,3,2,0,1,2,1
7.22,1,9,2,1,0,1,7,0
7.13,0,5,1,1,0,1,4,0
9.17,0,3,0,2,0,1,5,1
7.3,2,5,3,3,0,1,2,0
7.16,0,4,3,2,0,1,4,0
5.3,0,3,2,0,0,0,2,0
6.51,0,7,4,0,2,1,5,0
7.14,0,6,1,2,2,1,2,0
6.71,0,3,2,2,0,1,2,0
8.78,0,3,1,2,2,1,4,0
7.24,0,6,1,1,2,1,4,1
8.69,0,7,2,0,2,1,1,1
7.46,0,6,3,3,1,1,5,1
7.44,0,3,4,6,0,1,4,0
7.31,0,5,1,3,0,1,2,0
7.4,0,7,0,1,2,0,6,1
9.12,2,1,1,1,0,1,5,0
5.08,0,9,3,1,2,1,1,1
5.4,0,7,0,0,1,1,7,0
6.86,0,5,2,2,0,1,4,1
7.41,1,3,2,1,0,1,7,0
8.09,0,5,3,2,2,1,3,1
7.87,0,6,1,3,0,1,4,1
7.02,0,6,2,5,1,0,2,0
8.42,0,7,2,2,3,1,5,0
8.43,1,6,3,0,0,0,3,0
7.58,4,7,3,1,0,1,1,0
8.36,0,4,3,2,0,1,7,0
7.67,1,4,3,2,1,0,4,1
6.84,0,3,3,0,0,1,4,1
8.1,0,4,1,1,0,1,3,1
7.51,1,7,2,1,0,0,3,0
7.4,0,6,2,1,0,1,5,0
8.87,0,5,1,1,0,1,4,1
5.0,0,2,0,0,0,0,6,0
5.98,4,3,0,0,1,1,6,0
6.21,0,7,2,4,0,1,7,1
7.04,0,0,1,1,1,0,2,0
7.15,0,7,1,1,2,1,4,1
5.89,0,9,0,2,1,1,3,0
6.41,0,6,0,0,1,1,2,0
6.54,1,8,3,2,0,0,2,0
9.86,1,4,3,0,1,1,4,1
9.2,2,8,6,3,0,1,2,1
6.99,1,10,1,1,0,1,2,0
7.04,0,6,1,1,1,1,4,0
6.25,0,7,1,0,0,1,3,1
5.49,0,5,0,5,0,1,3,0
7.28,0,5,2,1,1,0,4,1
6.4,2,7,4,1,0,1,7,0
7.32,0,7,0,3,0,1,7,0
5.8,3,5,2,1,0,1,5,0
6.64,0,6,2,0,0,1,1,0
7.55,0,4,1,3,0,1,4,0
7.77,0,4,0,1,0,0,2,0
7.82,0,4,5,0,0,1,10,1
6.08,0,1,1,2,1,1,7,0
8.25,0,10,3,3,3,1,1,1
6.6,0,9,0,0,1,1,2,0
8.03,2,2,4,2,0,0,5,0
7.39,0,7,3,0,1,1,8,1
6.02,0,3,2,2,2,1,3,0
7.08,1,7,0,0,2,1,5,1
7.77,0,4,1,0,0,1,5,1
8.01,2,4,4,1,0,1,6,0
7.26,1,9,1,1,0,0,8,0
8.93,0,7,1,1,1,1,6,1
8.41,0,5,0,2,0,1,6,0
7.14,0,3,0,3,2,1,7,0
8.15,1,6,0,1,0,1,4,0
9.33,1,5,5,0,1,1,5,1
9.36,0,5,4,0,0,1,3,1
6.17,0,3,3,0,0,1,2,0
6.47,0,2,3,2,0,1,3,1
8.88,0,7,0,2,1,1,5,1
6.34,3,6,1,1,0,1,2,0
